Gol,Başarılı Top Sürme,Başarılı Top Sürme %,Toplam Şut,İsabetli Şut,Yaratılan Büyük Şans,İsabetli Pas,İsabetli Pas %,Kilit Pas,İsabetli Orta,İsabetli Uzun Top,Top Çalma,Pas Arası,Zeminde Kazanılan İkili Mücadele,Kazanılan Hava Topu Mücadelesi,Kazanılan Toplam İkili Mücadele %,Kendisine Yapılan Faul,player.name,player.slug,team.name,team.shortName
0.77,0.77,37.5,3.7,1.63,0.34,23.4,73.91,1.81,1.29,1.2,0.95,0.43,2.67,0.43,38.71,0.95,Cengiz Ünder,cengiz-under,Fenerbahçe,
0.56,1.31,35.0,3.42,1.24,0.5,27.2,83.08,1.68,0.44,0.81,1.06,0.37,4.54,0.31,41.71,2.18,Mahmoud Trézéguet,mahmoud-trezeguet,Trabzonspor,
0.53,1.6,55.38,1.78,0.93,0.36,30.73,79.82,2.31,1.29,1.95,1.47,0.98,4.88,0.93,49.81,1.95,İrfan Can Kahveci,irfan-can-kahveci,Fenerbahçe,
0.5,1.25,42.86,3.59,1.17,0.5,32.67,76.97,2.92,1.84,1.75,1.5,0.17,3.76,0.25,40.0,1.0,Hakim Ziyech,hakim-ziyech,Galatasaray,
0.45,1.88,61.36,2.02,0.87,0.66,29.85,77.23,2.23,0.87,1.36,0.87,0.31,4.07,0.35,43.49,1.32,Oğuz Aydın,oguz-aydin,Alanyaspor,
0.45,1.09,47.54,2.86,1.02,0.49,20.18,66.5,2.71,1.39,1.39,1.02,0.53,3.05,0.68,43.23,0.94,Kerem Aktürkoğlu,kerem-akturkoglu,Galatasaray,
0.43,1.3,58.06,2.17,1.23,0.51,24.29,78.14,1.73,1.08,1.45,1.45,0.87,3.25,0.43,42.86,0.51,Dimitrios Pelkas,dimitrios-pelkas,Başakşehir FK,
0.43,0.94,36.67,1.46,0.51,0.26,25.71,74.81,1.2,0.51,1.46,1.97,0.94,4.11,0.51,46.55,1.2,Carlos Mané,carlos-mane,Kayserispor,
0.41,0.0,0.0,0.81,0.41,0.0,32.03,77.45,0.41,0.41,1.62,1.62,0.81,3.24,0.0,34.78,1.62,Rayane Aabid,rayane-aabid,Hatayspor,
0.39,1.45,57.89,2.5,1.18,0.26,37.18,78.39,1.84,1.71,3.94,0.79,0.39,4.2,0.13,41.77,1.97,Óscar Romero,oscar-romero,Pendikspor,
0.39,2.32,53.33,2.51,1.06,0.1,38.53,86.93,1.64,0.48,4.35,0.77,0.68,3.67,0.29,44.57,0.58,Alex Oxlade-Chamberlain,alex-oxlade-chamberlain,Beşiktaş,
0.38,1.27,56.6,2.16,0.68,0.38,32.96,81.83,1.65,0.25,1.31,0.85,0.17,3.09,0.17,48.43,0.97,Efkan Bekiroğlu,efkan-bekiroglu,MKE Ankaragücü,
0.37,1.31,41.79,2.29,0.75,0.14,19.1,77.9,0.93,0.19,0.79,0.61,0.37,3.41,0.75,37.55,1.54,Dal Varešanović,dal-varesanovic,Çaykur Rizespor,
0.37,1.11,66.67,1.3,0.56,0.19,12.06,73.03,1.48,0.56,0.37,0.56,0.19,1.67,0.37,32.35,0.0,Queensy Menig,queensy-menig,Sivasspor,
0.37,0.54,67.86,2.74,0.97,0.11,36.39,82.71,1.08,0.63,2.14,1.97,0.77,3.56,1.34,57.91,1.2,Aytaç Kara,aytac-kara,Kasımpaşa,
0.37,1.2,46.43,2.68,1.38,0.18,25.48,78.41,1.57,0.92,1.2,1.2,0.28,3.97,1.38,40.28,1.75,Nani,nani,Adana Demirspor,
0.34,0.56,37.5,3.28,1.31,0.67,27.9,77.59,3.21,2.09,1.49,1.6,0.52,3.32,0.19,40.34,1.16,Dries Mertens,dries-mertens,Galatasaray,
0.33,0.75,36.0,1.59,0.83,0.33,22.71,73.91,1.75,1.42,1.84,1.34,0.67,3.09,0.33,37.96,1.0,Deian Sorescu,deian-sorescu,Gaziantep FK,
0.33,0.33,33.33,1.76,0.66,0.44,24.49,86.05,0.99,0.11,0.44,1.88,0.55,4.41,0.77,43.93,2.21,Mehdi Abeid,mehdi-abeid,Başakşehir FK,
0.31,1.88,65.22,2.07,1.13,0.38,33.67,82.39,2.13,0.38,2.82,0.5,0.25,4.76,0.5,58.33,2.44,Samu Sáiz,samu-saiz,Sivasspor,
0.29,1.12,54.76,2.34,0.73,0.15,32.02,80.2,0.68,0.34,1.42,0.63,0.34,2.39,1.22,37.76,0.63,Olivier Ntcham,olivier-ntcham,Yılport Samsunspor,
0.29,0.87,37.5,2.18,0.87,0.29,38.16,85.06,3.06,1.75,2.04,1.17,0.15,4.51,0.44,51.52,2.48,Mert Hakan Yandaş,mert-hakan-yandas,Fenerbahçe,
0.29,0.43,47.37,2.64,0.67,0.29,12.31,66.15,0.91,0.1,0.43,0.63,0.05,2.31,3.22,53.49,1.39,Cenk Tosun,cenk-tosun,Beşiktaş,
0.29,0.53,32.5,2.5,0.82,0.08,11.07,66.67,0.82,0.08,0.29,0.62,0.12,2.17,1.89,40.24,1.03,Carlos Strandberg,carlos-strandberg,Hatayspor,
0.29,0.32,27.78,2.68,0.96,0.57,21.24,78.1,2.32,1.46,0.89,2.42,0.51,4.27,0.25,49.65,1.53,Sebastian Szymański,sebastian-szymanski,Fenerbahçe,
0.28,2.3,49.62,2.34,0.92,0.18,13.9,68.89,1.03,0.18,0.32,1.31,0.39,4.82,1.17,42.57,1.24,Aylton Boa Morte,aylton-boa-morte,Kayserispor,
0.28,1.36,45.28,1.59,0.91,0.0,20.62,81.07,0.57,0.45,0.96,1.08,0.28,3.57,0.74,39.58,1.19,Louka Prip,prip-louka,Konyaspor,
0.28,0.0,0.0,0.28,0.28,0.0,35.22,74.12,0.84,0.28,2.24,3.07,0.56,5.31,1.96,50.98,2.24,Stefano Sturaro,stefano-sturaro,Fatih Karagümrük,
0.27,0.55,57.14,2.79,0.82,0.27,41.49,82.97,1.7,0.61,3.41,1.84,0.41,4.02,0.61,52.71,1.7,Anastasios Bakasetas,anastasios-bakasetas,Trabzonspor,
0.26,0.91,53.45,1.47,0.76,0.79,27.61,73.98,2.44,1.53,0.5,0.94,0.41,3.02,0.41,42.7,1.17,Dušan Tadić,dusan-tadic,Fenerbahçe,
0.26,0.92,63.64,1.18,0.53,0.13,20.76,76.7,1.45,0.66,2.76,0.53,0.79,1.71,0.13,45.16,0.26,Robert Murić,robert-muric,Konyaspor,
0.26,0.85,46.43,1.56,0.55,0.2,10.94,66.01,1.66,0.33,0.1,0.72,0.59,2.74,1.07,43.33,1.2,Mamadou Fall,mamadou-fall,Kasımpaşa,
0.26,1.99,59.05,2.02,0.8,0.16,21.55,77.69,1.22,0.22,1.25,1.83,1.22,6.29,1.22,53.3,2.5,Ibrahim Olawoyin,ibrahim-olawoyin,Çaykur Rizespor,
0.25,0.95,48.39,1.27,0.38,0.32,14.37,67.96,1.39,0.13,0.44,1.39,0.76,3.99,1.39,41.46,1.65,Benhur Keser,benhur-keser,Çaykur Rizespor,
0.25,1.09,68.42,1.77,0.42,0.08,31.82,79.58,1.09,0.42,2.27,0.84,1.43,2.44,1.35,38.46,0.59,Mehdi Bourabia,mehdi-bourabia,Kayserispor,
0.25,1.25,51.72,2.0,0.92,0.25,26.97,79.17,2.25,0.33,1.34,1.5,0.5,3.67,0.58,44.35,0.92,Younès Belhanda,younes-belhanda,Adana Demirspor,
0.24,0.77,55.88,2.1,0.69,0.28,47.57,83.24,1.7,1.25,3.15,2.67,0.77,4.41,1.13,47.74,0.97,Kerem Demirbay,kerem-demirbay,Galatasaray,
0.24,2.15,47.37,0.72,0.48,0.72,26.5,85.38,2.63,0.48,0.24,0.95,0.72,4.06,0.72,40.82,0.95,Arbnor Muja,arbnor-muja,Yılport Samsunspor,
0.23,1.07,72.73,2.15,0.67,0.23,28.36,75.58,1.44,0.54,2.32,2.18,0.81,5.34,1.01,58.7,2.15,Emre Akbaba,emre-akbaba,Adana Demirspor,
0.23,1.2,51.67,2.09,0.77,0.12,31.11,81.94,1.43,0.93,1.63,1.32,0.35,4.03,0.15,47.16,1.51,Enis Bardhi,enis-bardhi,Trabzonspor,
0.23,1.27,91.67,1.84,0.52,0.23,45.37,86.89,1.78,1.21,3.34,1.5,0.46,3.16,0.17,49.57,0.4,Nicolas Janvier,nicolas-janvier,,Alanyaspor
0.23,1.13,62.5,2.07,0.77,0.32,28.76,82.24,1.49,0.95,2.97,0.9,0.5,3.06,0.59,46.29,1.04,João Novais,joao-novais,,Alanyaspor
0.22,0.67,42.86,1.01,0.45,0.11,32.32,81.36,0.9,0.22,2.69,2.58,0.79,4.38,0.45,48.86,1.12,Vefa Temel,temel-vefa,,İstanbulspor
0.22,0.93,41.18,2.47,0.88,0.31,19.88,73.29,1.9,1.5,1.46,1.1,0.27,3.4,0.35,44.27,1.37,Milot Rashica,milot-rashica,,Beşiktaş
0.22,1.1,35.71,2.21,0.88,0.33,22.86,82.14,1.88,0.33,0.66,0.88,0.11,4.09,0.55,45.65,2.1,Garry Rodrigues,garry-rodrigues,,MKE Ankaragücü
0.22,0.57,61.9,1.67,0.48,0.09,56.5,83.73,0.97,0.4,4.83,1.98,1.76,3.38,1.05,47.64,0.83,Tolga Ciğerci,tolga-cigerci,,MKE Ankaragücü
0.21,2.04,66.34,1.31,0.49,0.09,21.12,86.18,1.16,0.15,0.12,0.98,0.21,3.66,0.7,48.47,0.64,Oluwafisayo Dele-Bashiru,dele-bashiru-oluwafisayo,,Hatayspor
0.21,0.0,0.0,2.11,0.42,0.21,43.0,82.93,1.26,1.05,3.37,2.32,0.63,2.95,2.53,48.15,0.63,Soner Aydoğdu,soner-aydogdu,,Yılport Samsunspor
0.21,0.93,62.0,1.08,0.45,0.15,27.97,73.62,1.35,0.72,1.35,1.23,0.99,3.12,1.86,52.87,0.96,Mortadha Ben Ouanes,mortadha-ben-ouanes,,Kasımpaşa
0.21,1.94,47.47,1.94,0.83,0.37,15.41,71.59,1.36,0.41,1.24,0.95,0.33,3.68,0.45,45.87,0.78,Altin Zeqiri,zeqiri-altin,,Çaykur Rizespor
0.2,1.14,46.67,2.29,0.98,0.16,15.59,72.76,1.1,0.9,0.33,0.73,0.49,2.82,0.45,39.6,1.02,Can Keleş,can-keles,,Fatih Karagümrük
0.19,0.77,80.0,2.87,0.77,0.38,49.4,81.65,1.91,0.38,1.91,3.26,1.15,4.21,0.38,41.38,0.19,Sérgio Oliveira,sergio-oliveira,,Galatasaray
0.19,1.65,48.15,1.78,0.7,0.32,23.23,78.71,1.4,1.08,1.4,1.9,0.83,4.89,0.76,43.41,1.33,Ryan Mendes,ryan-mendes,,Fatih Karagümrük
0.19,1.01,64.29,1.99,0.68,0.53,37.34,80.03,2.78,1.58,3.34,1.58,0.34,4.21,0.68,52.63,1.62,Valentin Eysseric,valentin-eysseric,,Fatih Karagümrük
0.19,0.93,51.02,1.15,0.44,0.41,20.36,69.62,1.07,0.85,1.33,1.74,0.7,3.18,1.41,47.69,0.52,Rigoberto Rivas,rigoberto-rivas,,Hatayspor
0.18,1.28,50.0,1.16,0.61,0.18,23.34,78.44,1.34,0.67,0.98,0.98,0.49,2.93,0.24,42.28,0.73,Lazar Marković,lazar-markovic,,Gaziantep FK
0.18,1.82,46.73,1.56,0.44,0.18,26.62,77.73,2.18,1.09,0.73,1.13,1.31,3.74,0.18,41.54,0.8,Sam Larsson,sam-larsson,,Antalyaspor
0.18,1.36,50.0,2.36,0.64,0.27,20.5,77.13,0.73,0.09,0.54,0.91,0.54,3.18,0.0,44.87,0.91,Steven Mendoza,steven-mendoza,,Adana Demirspor
0.17,0.9,44.07,1.49,0.52,0.21,20.82,74.35,0.8,0.76,1.21,1.11,0.69,3.5,0.62,43.27,1.53,Yusuf Erdoğan,yusuf-erdogan,,Adana Demirspor
0.17,2.23,53.33,2.4,1.06,0.17,11.45,73.48,0.78,0.11,0.28,1.51,0.73,5.19,0.78,46.72,1.45,Renaldo Cephas,renaldo-cephas,,MKE Ankaragücü
0.17,1.16,66.04,1.86,0.6,0.2,31.08,79.83,1.13,0.93,2.6,2.2,0.5,4.69,0.43,44.38,1.33,Florian Loshaj,florian-loshaj,İstanbulspor,
0.17,0.43,27.66,1.96,0.8,0.13,21.84,76.87,1.36,0.53,0.5,2.22,0.46,3.45,1.03,39.94,0.83,Carlo Holse,carlo-holse,Yılport Samsunspor,
0.16,0.25,54.55,0.74,0.41,0.04,53.21,85.04,0.66,0.0,2.93,1.03,0.54,1.57,3.79,65.66,0.33,Steven​ N'Zonzi,steven-nzonzi,Konyaspor,
0.16,1.15,50.0,1.73,0.58,0.0,21.04,79.75,0.74,0.74,0.9,0.9,0.99,3.04,0.58,38.6,0.99,Abdoulay Diaby,abdoulay-diaby,Pendikspor,
0.16,0.16,20.0,1.48,0.49,0.0,16.42,68.49,0.99,0.16,0.16,1.48,0.99,3.45,2.96,39.39,1.97,Armin Hodžić,armin-hodzic,Hatayspor,
0.16,0.33,100.0,1.3,0.16,0.0,23.44,77.42,0.49,0.16,2.44,2.12,1.3,2.93,1.3,52.0,0.65,Mehdi Boudjemaa,mehdi-boudjemaa,Hatayspor,
0.16,1.19,70.97,1.25,0.49,0.11,28.01,79.17,1.46,0.7,2.71,0.98,0.49,3.36,1.08,49.4,1.19,Olivier Kemen,olivier-kemen,Başakşehir FK,
0.16,1.81,52.34,1.74,0.65,0.32,19.58,74.91,1.2,0.65,0.68,2.04,0.55,4.75,0.97,45.38,0.9,Halil Akbunar,halil-akbunar,Pendikspor,
0.16,0.16,50.0,0.94,0.26,0.0,25.62,79.29,0.26,0.05,1.46,1.57,1.62,2.61,1.99,61.97,0.99,Marko Jevtović,marko-jevtovic,Gaziantep FK,
0.15,2.26,58.44,2.97,1.21,0.45,21.07,79.21,2.41,1.61,2.56,1.11,0.4,4.47,0.1,52.91,1.16,Yusuf Sarı,yusuf-sari,Adana Demirspor,
0.15,0.15,25.0,0.75,0.45,0.15,36.6,84.43,1.65,0.75,3.3,1.35,1.65,3.0,0.45,46.94,1.65,Tayfun Aydoğan,tayfun-aydogan,Adana Demirspor,
0.15,0.52,46.67,1.34,0.41,0.07,29.46,81.35,1.08,0.26,1.19,1.19,0.82,3.19,1.0,49.13,1.52,Marcus Rohdén,marcus-rohden,Fatih Karagümrük,
0.14,0.57,50.0,1.56,0.57,0.14,31.75,80.29,0.99,0.14,1.98,0.28,1.28,2.13,0.85,35.59,1.28,Flavio Paoletti,paoletti-flavio,Fatih Karagümrük,
0.14,0.7,54.35,1.82,0.56,0.36,28.59,73.26,2.8,1.65,2.52,1.73,0.53,4.45,0.67,50.69,2.04,Haris Hajradinović,haris-hajradinovic,Kasımpaşa,
0.14,1.08,54.39,1.08,0.17,0.49,20.28,72.86,1.85,0.84,0.84,2.17,0.77,4.65,0.94,49.08,1.4,Emre Kılınç,emre-kilinc,Yılport Samsunspor,
0.14,1.99,47.78,1.81,0.42,0.19,19.09,79.84,1.11,0.19,0.65,1.25,0.56,5.05,1.48,43.79,1.81,Babajide David Akintola,babajide-david-akintola,Çaykur Rizespor,
0.14,1.1,51.06,2.25,0.69,0.32,47.0,83.52,1.38,0.28,3.26,2.16,1.06,4.86,0.18,50.0,1.74,Fred,fred,Fenerbahçe,
0.13,2.68,64.52,2.41,0.94,0.0,36.62,89.8,0.94,0.54,1.07,1.34,0.4,6.57,0.4,57.78,2.55,Pione Sisto,pione-sisto,Alanyaspor,
0.13,0.79,51.43,1.41,0.31,0.26,37.85,80.41,1.37,0.35,4.37,2.12,0.66,3.57,2.03,45.85,0.71,Ali Karimi,ali-karimi,Kayserispor,
0.13,0.89,49.09,2.04,0.49,0.49,29.54,75.82,3.0,2.07,2.37,1.09,0.95,2.57,0.07,40.2,0.59,Edin Višća,edin-visca,Trabzonspor,
0.12,1.12,60.0,1.37,0.5,0.12,17.6,75.0,0.37,0.25,0.5,1.87,1.25,3.99,2.0,50.53,1.0,Azizbek Turgunboev,azizbek-turgunboev,Sivasspor,
0.12,1.37,55.0,1.62,0.62,0.37,26.59,81.61,1.37,0.5,0.75,2.0,0.75,4.62,0.5,40.59,1.25,Roman Kvet,roman-kvet,Sivasspor,
0.12,1.24,47.62,1.24,0.62,0.25,28.13,81.0,1.37,0.87,1.62,3.11,1.62,5.85,0.0,46.53,1.49,Jamiro Monteiro,monteiro-jamiro,Gaziantep FK,
0.12,0.68,61.11,1.11,0.31,0.25,47.16,86.21,0.99,0.56,5.01,1.48,0.99,2.97,0.87,43.36,0.8,Görkem Sağlam,gorkem-saglam,Hatayspor,
0.12,0.49,70.59,1.23,0.25,0.08,37.04,80.37,1.51,0.9,4.67,2.25,0.61,3.93,1.15,54.39,1.19,Pedrinho,pedrinho,MKE Ankaragücü,
0.12,0.29,63.64,0.9,0.25,0.0,37.85,79.16,0.65,0.04,3.51,1.96,1.67,3.19,2.57,57.79,0.98,Chandrel Massanga,chandrel-massanga,Hatayspor,
0.12,0.8,61.9,0.61,0.18,0.06,45.76,85.29,1.22,0.49,4.04,1.41,0.98,2.88,0.43,45.76,0.67,Sofiane Feghouli,sofiane-feghouli,Fatih Karagümrük,
0.12,0.48,50.0,0.6,0.24,0.24,52.06,81.01,1.56,0.48,2.99,1.91,1.32,2.63,1.08,54.39,0.36,Berkan Kutlu,berkan-kutlu,Galatasaray,
0.12,3.59,63.83,2.51,0.96,0.0,24.06,81.05,1.91,1.2,1.2,1.56,0.6,8.38,0.0,53.44,3.23,Emre Mor,emre-mor,Fatih Karagümrük,
0.12,0.47,57.14,0.82,0.23,0.35,24.81,73.61,1.05,0.94,1.87,0.94,1.05,1.99,2.22,52.17,0.59,Kingsley Schindler,kingsley-schindler,Yılport Samsunspor,
0.11,0.45,44.44,2.36,0.34,0.45,28.76,80.25,1.46,0.9,1.24,2.13,0.56,5.17,0.45,52.08,2.58,Endri Çekiçi,endri-cekici,Pendikspor,
0.11,0.89,57.14,1.22,0.33,0.11,38.52,77.68,1.66,0.44,2.32,1.66,0.77,3.54,1.44,35.71,1.0,Eduart Rroca,eduart-rroca,İstanbulspor,
0.11,1.65,72.58,1.32,0.33,0.04,33.88,83.63,1.06,0.26,2.23,3.63,1.43,7.73,0.7,58.38,2.45,Gedson Fernandes,gedson-fernandes,Beşiktaş,
0.11,0.94,50.98,1.12,0.25,0.18,27.96,76.21,1.12,0.76,2.21,1.48,1.41,3.48,0.76,49.37,1.09,Erdoğan Yeşilyurt,erdogan-yesilyurt,Antalyaspor,
0.11,0.6,60.71,1.92,0.53,0.21,43.29,78.94,1.67,1.28,8.46,1.28,0.75,2.38,0.53,53.25,0.5,Jonjo Shelvey,jonjo-shelvey,Çaykur Rizespor,
0.11,1.16,45.83,1.65,0.39,0.14,26.06,81.09,0.74,0.04,1.69,1.51,0.46,4.95,0.74,46.69,2.28,Dario Šarić,dario-saric,Antalyaspor,
0.1,1.25,57.14,1.45,0.55,0.59,33.42,84.21,2.7,2.08,3.64,1.25,0.66,3.64,0.52,46.33,1.18,Alexandru Maxim,alexandru-maxim,Gaziantep FK,
0.1,0.86,51.52,1.17,0.46,0.05,25.2,76.58,0.66,0.1,1.98,1.83,0.76,3.75,0.96,45.37,1.12,Taylan Antalyalı,taylan-antalyali,Yılport Samsunspor,
0.1,1.21,48.0,1.31,0.3,0.3,26.89,82.07,1.34,0.34,1.07,1.11,0.64,3.09,0.34,41.13,0.77,Alassane Ndao,ndao-alassane,Konyaspor,
0.1,0.9,40.91,2.44,0.95,0.15,19.45,71.17,0.85,0.35,0.9,1.8,0.85,3.59,2.34,45.77,0.9,Sander van de Streek,sander-van-de-streek,Antalyaspor,
0.1,2.34,51.09,1.59,0.35,0.2,18.18,79.52,0.85,0.35,0.75,2.14,0.9,7.52,0.6,50.78,3.04,Marlos Moreno,marlos-moreno,Konyaspor,
0.1,1.31,40.91,1.79,0.48,0.24,14.91,71.3,1.5,0.77,0.63,0.82,0.34,3.63,0.53,38.74,1.5,Valon Ethemi,valon-ethemi,Konyaspor,
0.09,0.84,51.43,1.3,0.42,0.09,27.94,84.31,0.65,0.46,1.95,1.72,1.39,4.5,1.07,55.81,2.0,Ogün Özçiçek,ogun-ozcicek,Gaziantep FK,
0.09,1.93,47.73,1.29,0.74,0.37,14.8,77.4,2.11,1.29,0.55,1.56,0.37,4.96,0.28,51.82,1.47,Modou Barrow,modou-barrow,Sivasspor,
0.09,1.52,65.38,1.52,0.54,0.27,25.15,78.33,1.69,0.98,0.71,0.62,0.27,3.84,1.07,51.89,1.78,Serdar Gürler,serdar-gurler,Başakşehir FK,
0.09,1.04,48.0,1.22,0.43,0.17,23.28,80.24,0.96,0.26,0.96,1.82,0.78,4.78,0.87,43.05,1.91,Emirhan İlkhan,emirhan-ilkhan,Başakşehir FK,
0.09,0.77,52.94,1.36,0.34,0.17,26.24,79.92,1.02,0.55,1.45,1.79,0.89,3.06,0.55,52.15,0.6,Gökcan Kaya,gokcan-kaya,Pendikspor,
0.08,1.1,44.83,1.19,0.25,0.08,27.69,78.42,0.85,0.51,1.27,2.46,1.1,4.66,0.85,48.51,1.1,Derrick Köhn,derrick-kohn,Galatasaray,
0.08,1.95,60.53,1.99,0.55,0.08,20.47,74.69,1.44,0.93,1.86,1.69,0.55,5.16,0.13,44.64,1.52,Olimpiu Moruțan,olimpiu-morutan,MKE Ankaragücü,
0.08,0.65,40.0,0.81,0.32,0.16,19.42,75.95,1.13,0.57,0.16,1.78,0.65,4.13,1.54,46.05,1.78,Iron Gomis,iron-gomis,Kasımpaşa,
0.08,1.39,51.43,2.48,0.77,0.54,41.9,82.98,2.87,2.17,2.79,1.63,0.46,4.34,0.62,39.75,1.32,Rachid Ghezzal,rachid-ghezzal,Beşiktaş,
0.08,0.54,58.33,1.91,0.46,0.08,27.78,81.57,0.99,0.46,1.22,0.92,0.61,2.14,1.07,40.78,0.69,Danijel Aleksić,danijel-aleksic,Başakşehir FK,
0.07,3.64,69.33,2.31,0.98,0.07,26.68,88.81,0.98,0.21,1.82,0.63,0.63,5.53,0.28,53.55,1.26,Anastasios Chatzigiovanis,anastasios-chatzigiovanis,MKE Ankaragücü,
0.07,1.04,52.63,1.32,0.56,0.17,28.86,80.58,1.98,1.81,2.47,1.04,0.45,3.58,0.49,47.37,1.5,Deniz Türüç,deniz-turuc,Başakşehir FK,
0.07,1.03,46.97,0.7,0.3,0.3,32.4,83.26,1.66,0.7,1.3,1.86,0.3,5.55,0.6,57.28,2.66,Efecan Karaca,efecan-karaca,Alanyaspor,
0.06,1.3,44.44,1.56,0.26,0.13,17.96,75.68,2.2,1.36,0.97,0.97,0.26,3.05,0.32,42.28,0.84,Zymer Bytyqi,zymer-bytyqi,Antalyaspor,
0.06,0.91,58.33,0.58,0.19,0.0,30.17,75.16,0.65,0.06,3.76,1.75,0.97,3.95,0.97,53.52,1.29,Benjamin Stambouli,benjamin-stambouli,Adana Demirspor,
0.06,0.19,42.86,1.71,0.54,0.06,28.54,77.79,0.54,0.03,2.38,1.65,1.71,3.27,2.19,62.55,1.52,Gökhan Gül,gokhan-gul,Kasımpaşa,
0.06,1.24,43.62,0.73,0.12,0.24,26.06,79.16,0.88,0.45,1.18,1.9,1.57,5.29,0.67,54.42,2.15,Mustafa Eskihellaç,mustafa-eskihellac,Gaziantep FK,
0.06,1.48,65.79,1.48,0.42,0.0,34.45,88.16,0.89,0.18,1.84,2.31,1.13,7.17,0.53,63.11,3.44,Badou Ndiaye,badou-ndiaye,Pendikspor,
0.06,1.28,66.67,1.16,0.23,0.23,38.76,81.17,1.16,0.41,3.31,2.38,0.81,5.16,1.04,51.44,1.51,Salih Uçan,salih-ucan,Beşiktaş,
0.06,0.67,57.14,1.0,0.5,0.11,22.18,69.46,0.95,0.11,1.45,2.73,1.17,5.29,0.78,46.98,1.89,Furkan Soyalp,furkan-soyalp,Gaziantep FK,
0.06,1.11,47.62,1.55,0.61,0.33,18.81,72.13,1.5,1.05,0.94,1.94,0.44,4.83,0.72,42.92,1.78,Max Gradel,max-gradel,Gaziantep FK,
0.05,0.22,30.77,1.24,0.48,0.11,24.05,75.63,1.02,0.32,1.45,1.67,0.91,4.68,1.61,52.23,2.85,Oğulcan Ülgün,ogulcan-ulgun,Konyaspor,
0.05,0.46,50.0,1.28,0.36,0.05,38.81,86.35,0.51,0.0,2.25,1.94,0.46,3.53,1.64,52.06,1.13,Leroy Fer,leroy-fer,Alanyaspor,
0.05,0.35,70.0,0.89,0.1,0.0,35.56,81.01,0.44,0.05,3.4,2.71,1.43,3.45,1.13,47.94,0.49,Youssef Aït Bennasser,youssef-ait-bennasser,Yılport Samsunspor,
0.05,1.76,59.02,0.78,0.24,0.29,34.03,79.16,1.66,0.73,1.86,1.27,0.54,4.26,0.44,43.24,1.22,Fredrik Midtsjø,fredrik-midtsjo,Pendikspor,
0.05,1.07,66.67,1.12,0.34,0.15,29.04,83.33,0.63,0.1,2.78,1.9,1.02,3.51,0.83,44.72,0.54,Ali Kaan Güneren,ali-kaan-guneren,MKE Ankaragücü,
0.05,0.55,57.14,1.97,0.46,0.14,24.59,78.89,1.23,0.87,1.28,1.28,0.55,2.74,0.78,44.51,0.91,Alexandru Cicâldău,alexandru-cicaldau,Konyaspor,
0.04,0.09,40.0,0.26,0.13,0.04,35.99,85.02,0.66,0.0,1.84,2.06,1.22,2.62,0.96,39.23,0.48,Modestas Vorobjovas,modestas-vorobjovas,İstanbulspor,
0.04,0.66,61.54,1.44,0.33,0.12,38.64,82.63,0.74,0.21,2.54,3.04,0.66,5.17,1.35,59.77,1.48,Muammer Sarıkaya,muammer-sarikaya,Çaykur Rizespor,
0.04,0.6,65.22,0.56,0.16,0.04,47.15,85.27,0.6,0.08,5.1,2.81,1.6,5.26,1.44,60.29,1.89,Berat Ayberk Özdemir,berat-ayberk-ozdemir,Trabzonspor,
0.04,1.04,58.7,0.73,0.19,0.08,28.8,80.32,1.08,0.39,2.04,2.7,0.31,6.13,0.42,58.22,2.43,Charis Charisis,charis-charisis,Sivasspor,
0.04,1.11,42.47,2.32,0.64,0.57,24.1,80.38,2.35,1.75,1.03,1.39,0.46,3.74,1.07,43.69,1.32,Miguel Cardoso,miguel-cardoso,Kayserispor,
0.03,0.97,74.36,0.64,0.13,0.07,39.13,88.33,0.23,0.03,1.98,1.51,0.44,3.86,0.91,55.04,1.44,Batista Mendy,batista-mendy,Trabzonspor,
0.03,0.96,72.5,0.82,0.23,0.13,36.43,89.4,0.66,0.07,1.02,1.15,0.59,2.84,0.59,49.06,0.73,Berkay Özcan,berkay-ozcan,Başakşehir FK,
0.03,0.25,47.06,0.96,0.12,0.12,56.76,89.41,0.84,0.09,3.47,2.48,1.3,4.37,0.81,52.85,1.7,Lucas Torreira,lucas-torreira,Galatasaray,
0.03,0.49,69.57,0.77,0.22,0.09,44.58,89.13,0.53,0.09,1.76,2.29,2.19,3.83,2.16,59.88,1.11,Richard Cândido,richard-candido,Alanyaspor,
0.03,0.33,40.74,1.07,0.24,0.03,32.18,82.02,0.18,0.06,2.43,1.33,1.19,3.02,0.8,48.5,1.42,Soner Dikmen,soner-dikmen,Konyaspor,
0.0,1.13,76.32,1.01,0.16,0.08,50.72,85.26,1.13,0.23,2.41,2.83,1.71,5.2,2.25,55.49,1.24,İsmail Yüksek,ismail-yuksek,Fenerbahçe,
0.0,0.54,66.67,0.2,0.07,0.4,55.64,87.17,1.48,1.21,4.56,1.28,0.94,2.89,1.21,53.98,1.07,Amir Hadžiahmetović,amir-hadziahmetovic,Beşiktaş,
0.0,1.83,72.41,0.17,0.0,0.17,43.61,92.27,0.96,0.0,2.7,3.39,0.78,6.44,0.7,57.34,1.31,Maestro,maestro,Adana Demirspor,
0.0,1.47,62.22,1.94,0.74,0.42,31.26,82.18,2.89,2.05,1.94,0.89,0.37,4.05,0.58,44.67,1.68,Ramzi Safuri,ramzi-safuri,Antalyaspor,
0.0,0.79,55.56,0.63,0.16,0.0,41.04,83.82,0.79,0.16,2.54,3.01,3.33,6.18,1.27,55.29,2.38,Miguel Crespo,miguel-crespo,Fenerbahçe,
0.0,1.11,43.33,0.6,0.0,0.17,29.06,83.91,1.63,0.6,0.26,2.14,0.77,4.11,1.11,47.29,0.94,Abdülkadir Ömür,abdulkadir-omur,Trabzonspor,
0.0,1.44,75.61,0.42,0.19,0.14,35.53,85.65,1.07,0.23,2.33,2.14,0.98,4.37,0.56,55.21,0.79,Arnaud Lusamba,arnaud-lusamba,Pendikspor,
0.0,1.77,58.33,2.78,1.77,0.25,18.71,64.91,2.02,1.26,2.02,4.8,1.77,9.1,2.02,54.32,2.78,Muhammed Gümüşkaya,muhammed-gumuskaya,Yılport Samsunspor,
0.0,1.54,58.54,1.8,0.71,0.26,20.76,75.64,1.54,0.96,2.31,1.09,0.26,5.46,0.45,51.11,2.89,Emrah Başsan,emrah-bassan,Sivasspor,
0.0,0.46,80.0,1.39,0.35,0.0,40.44,85.37,1.04,0.0,1.73,1.73,0.69,3.47,2.77,57.45,1.39,Rade Krunić,rade-krunic,Fenerbahçe,
0.0,0.2,62.5,0.76,0.04,0.2,52.75,87.48,0.68,0.36,3.27,1.2,0.56,2.6,1.12,49.73,1.2,Jakub Kałuziński,jakub-kaluzinski,Antalyaspor,
0.0,1.15,63.64,0.77,0.22,0.0,37.01,89.54,0.99,0.05,0.88,1.86,0.82,5.69,0.6,55.29,2.68,Édouard Michut,edouard-michut,Adana Demirspor,
0.0,1.32,48.78,1.59,0.46,0.2,20.66,79.19,2.25,1.39,1.06,3.58,0.66,6.62,0.66,54.46,1.72,Gustavo Sauer,gustavo-sauer,Çaykur Rizespor,
0.0,0.71,36.11,0.71,0.22,0.05,32.65,81.87,1.59,0.33,2.3,1.31,0.55,4.38,0.71,49.21,2.36,Flavien Tait,flavien-tait,Yılport Samsunspor,
0.0,0.23,28.57,1.19,0.45,0.0,36.25,85.11,0.57,0.17,2.1,1.25,1.47,2.61,2.66,52.25,1.13,Bakhtiyar Zaynutdinov,bakhtiyar-zaynutdinov,Beşiktaş,
0.0,0.68,66.67,0.27,0.14,0.07,32.12,86.18,0.41,0.0,3.52,2.98,2.1,4.61,1.36,48.35,0.95,Yunus Konak,yunus-konak,Sivasspor,
0.0,1.85,52.63,0.93,0.37,0.56,30.19,84.02,2.78,0.93,0.93,0.0,0.37,2.59,0.56,36.17,0.74,Rui Pedro,rui-pedro,Hatayspor,
0.0,1.77,53.66,2.97,1.13,0.4,31.5,81.33,2.17,0.64,1.04,0.8,0.4,3.94,0.64,40.71,1.45,Tetê,tete,Galatasaray,
0.0,0.43,64.71,0.74,0.04,0.04,46.92,83.93,0.77,0.54,4.53,1.78,1.66,2.98,0.31,44.74,0.77,Kartal Kayra Yılmaz,kartal-kayra-yilmaz,Kayserispor,
0.0,1.29,79.17,0.88,0.2,0.0,25.6,80.08,0.74,0.0,1.49,3.12,1.83,6.3,1.35,54.85,1.96,Erdal Rakip,erdal-rakip,Antalyaspor,
0.0,0.8,100.0,1.28,0.32,0.0,28.4,82.79,0.32,0.0,2.71,3.35,1.44,5.11,1.91,54.32,0.96,Hakan Arslan,hakan-arslan,Sivasspor,
0.0,0.18,33.33,1.66,0.0,0.18,47.48,88.36,1.66,0.18,2.02,1.84,0.74,2.76,0.74,46.34,0.74,Miha Zajc,miha-zajc,Fenerbahçe,
0.0,0.46,30.77,0.35,0.23,0.23,51.66,83.21,1.16,0.58,2.78,2.08,1.04,4.29,0.23,53.42,1.74,Andrea Bertolacci,andrea-bertolacci,Fatih Karagümrük,
0.0,0.11,33.33,0.74,0.0,0.0,43.51,86.65,0.43,0.11,2.55,2.55,2.02,3.09,1.49,53.09,0.43,Onur Ergün,onur-ergun,Başakşehir FK,
0.0,0.23,30.0,0.38,0.0,0.0,41.47,87.97,0.23,0.0,1.99,2.22,1.69,3.37,1.23,49.18,1.07,Dimitrios Kourbelis,dimitrios-kourbelis,Fatih Karagümrük,
0.0,0.74,38.46,0.88,0.44,0.0,55.74,90.89,1.32,0.0,1.91,2.79,1.47,4.26,2.94,50.0,0.74,Demir Ege Tıknaz,demir-ege-tiknaz,Beşiktaş,
0.0,1.75,38.1,2.52,0.44,0.22,18.42,68.57,0.77,0.55,0.55,2.52,0.99,5.81,2.52,51.01,1.53,Oğulcan Çağlayan,ogulcan-caglayan,Kasımpaşa,
0.0,0.85,50.0,0.85,0.0,0.0,31.0,85.83,0.85,0.0,1.14,1.71,1.28,3.7,1.28,47.3,1.14,Andrej Đokanović,andrej-dokanovic,MKE Ankaragücü,
0.0,1.91,50.0,0.96,0.48,0.21,23.44,75.72,0.96,0.48,0.96,2.94,0.68,6.01,0.27,46.46,1.16,Ömer Faruk Beyaz,omer-faruk-beyaz,Hatayspor,
0.0,0.0,0.0,0.66,0.22,0.0,34.28,80.73,0.66,0.0,1.77,2.43,1.33,3.54,1.99,60.98,1.11,Souza,souza,Başakşehir FK,
0.0,0.62,31.58,0.82,0.36,0.31,30.65,79.05,1.29,0.82,1.75,1.39,0.62,3.24,0.41,40.57,1.29,Ramazan Civelek,ramazan-civelek,Kayserispor,
0.0,0.92,41.67,1.29,0.18,0.0,44.36,88.93,1.47,0.0,0.18,2.39,1.66,5.89,1.66,53.25,2.58,Tanguy Ndombélé,tanguy-ndombele,Galatasaray,
0.0,0.75,58.33,0.7,0.05,0.05,36.58,83.54,0.81,0.16,3.5,1.67,0.65,3.66,0.7,47.09,1.29,İbrahim Akdağ,ibrahim-akdag,Sivasspor,
0.0,1.01,100.0,0.0,0.0,0.5,43.74,82.86,1.51,0.0,1.51,2.01,4.53,6.54,1.51,50.0,3.52,Cem Türkmen,cem-turkmen,MKE Ankaragücü,
0.0,1.06,90.91,0.32,0.0,0.11,37.59,87.65,0.21,0.0,2.22,2.44,1.06,4.13,0.74,45.1,0.74,Yaw Ackah,yaw-ackah,Kayserispor,
0.0,0.25,100.0,0.75,0.25,0.13,43.0,85.15,0.75,0.88,5.0,1.25,0.75,1.88,0.5,36.54,0.38,Bartuğ Elmaz,bartug-elmaz,Sivasspor,
0.0,0.76,75.0,0.68,0.25,0.0,46.18,86.39,1.18,0.0,1.86,1.35,0.76,3.05,1.27,43.59,0.93,Otabek Shukurov,otabek-shukurov,Kayserispor,
0.0,1.89,50.0,1.08,0.45,0.0,21.31,79.8,0.72,0.18,1.08,1.35,0.72,4.23,1.17,51.28,1.08,Burak Kapacak,burak-kapacak,Sivasspor,
0.0,0.44,60.0,0.0,0.0,0.0,26.93,82.14,0.29,0.0,2.2,2.34,1.46,3.37,1.46,58.93,0.73,Dorukhan Toköz,dorukhan-tokoz,Adana Demirspor,
0.0,0.55,50.0,0.92,0.37,0.0,36.84,85.17,0.73,0.0,1.28,2.57,0.92,4.95,0.55,57.69,1.83,Abdulkadir Parmak,abdulkadir-parmak,Hatayspor,
0.0,0.21,50.0,0.0,0.0,0.0,37.41,84.51,0.21,0.0,1.45,1.04,1.25,2.08,1.87,41.3,0.83,Loret Sadiku,loret-sadiku,Kasımpaşa,
